save_number,datetime,branch,commit_hash,changes_summary
1,2026-04-18 06:45,main,4b9bae2,Initial commit: full UnifiedApp phases 0-10 + design system merge (4-tab nav, blue accent, Vault rename, Concierge tab, Discover redesign, root index auth redirect)
2,2026-04-17 00:00,main,a31968f,Phase 7-9: add-by-URL extraction + breakeven tracker + full PostHog analytics wiring across quiz/discover/CardTile/PaywallModal/portfolio
3,2026-04-18 12:00,main,863d762,Add README + PROGRESS_TRACKER + AGENT_HANDOFF docs
4,2026-04-19 15:00,main,fb2d7a9,Agent B1 Foundation: delete Concierge tab; 5 new cards (115 total); Stripe $8/mo end-to-end; Apple+Google sign-in; onboarding 3-screen with AsyncStorage; Sentry; PostHog 10 events; EAS config; Settings promoted to tab bar
5,2026-04-19 17:00,main,1e0655f,Agents B2-B6: ledger data+UI (7 tables + 5 screens + 11 components); velocity engine (14 rules + 133 tests); spend tracker + portfolio; fee advisor + spend optimizer
6,2026-04-19 17:10,main,e6dc586,QA4 fixes: retention outcome history on detail screen; spend optimizer uses DB CPP valuations; base-rate cards shown in optimizer
7,2026-04-19 17:45,main,f205a29,Agent B7: automation pipeline (5 Edge Functions: DoC/Reddit scrapers + auto-apply + email ingest + weekly summary); admin review queue; deal passport; email import settings; 3 hooks; migration 003
8,2026-04-19 17:55,main,5a28838,B8 Chunk 1: Onboarding v2 — 5-screen value-first flow (card selection grid + WealthRing value reveal + auth + notifications + conditional Pro upsell)
9,2026-04-19 20:15,main,4ea13e4,B8 Chunk 2: Desktop layouts — DesktopContainer + TwoColumn components; PaywallModal centered dialog; Button/ListItem hover states; keyboard shortcuts; Settings 600px centered
10,2026-04-19 20:20,main,54a5b7c,B8 Chunk 3: Visual polish — CardArt component; Reanimated spring ProgressBar + StatCard fade; motion tokens; dark mode toggle; accessibility labels
11,2026-04-19 20:30,main,0bc8696,B8 Chunk 4: Launch prep — USER_ACTION_ITEMS updated (Edge Functions + cron + SendGrid + App Store); all trackers finalized; all 8 build agents complete
